ID,Answer
0,長劍
1,《諸羅縣志》
2,袁晁
3,柏林陸軍學院
4,長盤勝負
5,田漢
6,1874年
7,西漢的版圖向西擴張
8,英國
9,為運送郵件繳納了事先規定好的郵資
10,周星馳
11,尾張中村
12,無障礙環境
13,anticipation，即預測
14,2004年
15,亞硫酸
16,華萊士
17,
18,經濟
19,100公里
20,愛爾蘭語
21,荷蘭
22,硫磺
23,塞爾維亞反對黨
24,1858年
25,外交活動
26,拉丁文
27,猶太基督徒
28,1964年
29,霍克菲爾德
30,文化大革命
31,阿普列尤斯
32,灣仔
33,振州
34,形容一種無限制的、自私、而野蠻的競爭情況
35,1964年
36,新北市
37,小白宮
38,沒有
39,南人
40,南宋
41,四千名
42,46億年
43,1070年
44,《國民養老保險法》
45,第一教學樓
46,1929年
47,航天技術
48,1932年
49,大型購物中心[UNK]開幕
50,
51,武漢水利電力大學
52,1962年
53,亞歷山大一世被刺殺
54,紐約市
55,基督教
56,
57,100萬
58,板橋區
59,占領中環
60,凡爾賽宮落成之後，路易十四即將全國主要貴族集中於凡爾賽宮居住。從1682年到1789年，法國的政治、外交決策都在凡爾賽宮決定，凡爾賽成了事實上的法國首都。為了顯示王權的威嚴，路易十四和路易十五
61,中國國民黨
62,中生代侏羅紀
63,阿拉貢國王卡洛斯三世
64,熱帶雨林氣候
65,夫餘對漢軍的援助，高句麗的攻擊沒能取得勝利
66,李宗仁
67,宋代
68,噴射發動機
69,弘治十二年
70,亞洲
71,1994年
72,美國、英國
73,氦
74,經過依納爵長久的薰陶
75,高速公路
76,高麗大學校主樓
77,朱少文
78,羽柴秀吉
79,俾斯麥
80,金泳三
81,1958年
82,靈魂
83,科龍港
84,蓋爾人
85,四次重差觀測術
86,西漢元封二年
87,隋滅南陳
88,佛教
89,1861年
90,豐臣秀吉
91,三吳地區
92,複合式裝甲
93,大躍進運動
94,武漢水利電力大學
95,克利奧爾語
96,1934年
97,檸檬酸咖啡因療法
98,1876年
99,1949年
100,大象
101,1915年
102,1600年
103,異裂
104,美國
105,高盧帝國
106,朝鮮仁祖
107,
108,佛學論書
109,南區公所
110,歐登堡
111,三天
112,1944年
113,安娜·德·薩伏伊皇后
114,咸豐帝
115,哈林河
116,北方邦
117,樂比賽
118,中原
119,荷蘭語
120,威廉·洛厄爾·普特南
121,全國人民代表大會
122,
123,陳寅恪
124,高句麗安藏王被刺殺
125,未標準化
126,瑞派克路
127,1939年
128,
129,福建林家
130,用來運貨
131,民主黨
132,西人黨
133,2013年
134,昆明
135,查莫洛人
136,杭縣
137,蘇聯國旗
138,38%
139,1939年
140,政府資助研究項目
141,刊物點石齋畫報
142,南越地區
143,1988年
144,上吊方式
145,吉米卡特
146,李善蘭
147,二毛子
148,勃艮地人
149,德蘇戰爭
150,髒層
151,工業國家
152,1949年
153,就業保障制度
154,清光緒十七年
155,
156,國共內戰戰況失利
157,六個月
158,乙醚
159,藥葛羅
160,卡爾梅克人
161,1969年11月12日凌晨6時45分
162,63位
163,副大法官
164,古希臘時代
165,盧安達語
166,填海得來
167,汪兆銘
168,農民
169,[UNK]++
170,9月1日
171,1999年
172,天淨沙》
173,二次大戰
174,公元68年
175,趙佗
176,直角三角形
177,岑智明
178,與法國爭奪歐洲大陸霸權
179,前362年
180,強力政府
181,28歲
182,2000年10月
183,保加利亞
184,
185,25~27度
186,日本社會黨
187,聯合國
188,波士頓
189,1992年
190,下旋球
191,後箱館裁判所
192,明朝
193,1863年
194,1876年
195,2012年
196,考古發現在約西元前8200年前的中國湖南。在1993年，考古隊在道縣玉蟾岩
197,克萊門森級
198,森林
199,阿森納女子足球俱樂部
200,多黨制
201,特式食肆
202,1920年
203,
204,多倫多。此外，多倫多
205,列車前面拉動
206,功利主義》、《女性的屈從地位》與《論社會主義
207,反貪污特警隊
208,艾瑪·史東
209,在時域上數學形式為連續函式的訊號
210,生命力與流動性
211,亞歷山大一世
212,威尼斯影展
213,熱帶，全市地勢均於海拔1000米以上的雲貴高原上，但也因同時受到其南部中南半島的海洋氣流影響，加上地理位置上正處在冬季於中國活躍的兩般高壓區之間的真空帶
214,新北市
215,最根本
216,甲午戰爭
217,克孜勒
218,三分天災
219,好在歷史是人民寫的
220,美觀
221,駐廠商
222,西部地區
223,1982年
224,1428年
225,部落最高領袖或皇帝之意
226,多瑙河
227,莫斯科中山大學
228,美國發明家
229,
230,沒有
231,中國器官移植手術
232,1262年
233,為增加米、糖等農作物產量
234,19%
235,質量大於0.4太陽質量
236,颱風
237,2016年
238,1968年
239,第六
240,
241,鋁土礦
242,萬神廟
243,布農族文化為射耳祭與小米祭、皮衣製作技巧、多音部合唱；鄒族
244,黑死病
245,2007年
246,查普曼
247,由於據傳在與比提尼亞國王的性行為中處於被動地位
248,2001年
249,波士頓塞爾提克隊
250,溥[UNK]
251,副主席
252,當雙方在一盤中戰至6比6時
253,廣東省政府委員會
254,
255,1951年
256,拉丁字母為基礎的拼音方案，是為漢語拼音方案
257,
258,地面車站
259,下薩克森邦
260,法蘭西第二帝國
261,商業
262,全勝紀錄
263,夜間攔截任務上，二戰時期的使用經驗延伸出兩種發展路線。一種是利用小型雷達測距儀追蹤目標的距離，協助飛行員找到最佳射擊時機，提高一般飛行員的命中率
264,哥白尼日心說
265,濃度低時
266,雍正年間皇帝在舉行親耕禮之前在此演禮。豐澤園內主體建築為惇敘殿，光緒年間改名為頤年殿，民國時改名頤年堂，袁世凱
267,明朝
268,1848年
269,1954年
270,1998年
271,共同民主黨
272,《南華早報》
273,可以麻痺嗅覺神經
274,佛像
275,阿聯
276,灣仔發展計劃第二期
277,坦克集團軍
278,田川氏
279,天狼星在東方地平線的出現
280,自律心肌細胞
281,1975-1985年
282,德語地區
283,離島機場
284,1237年
285,東羅馬
286,晉恭帝
287,荷蘭
288,美國律師協會
289,1654年
290,清代
291,廣開土大王
292,胡安·林茲
293,日本
294,1998年1月1日
295,橫越天空
296,孟懷玉
297,細胞外的鈣離子
298,
299,羅納爾迪尼奧
300,慕容垂
301,火山活動
302,利奧三世
303,
304,要提升飛機的飛行安全
305,丁基羥基甲苯
306,辛亥革命
307,斯德哥爾摩
308,第三紀中新世
309,中華民國
310,高麗時期
311,靳雲鵬
312,1958年
313,《馬德里議定書
314,446種
315,曹魏故都智慧之旅
316,威廉港的貨櫃碼頭亞德港
317,
318,金本位制
319,邊沁的效益主義思想，指出倫理學領域的終極問題解決完全可訴諸效益主義原則，綜合前人理論彌爾
320,紅色
321,1928年
322,金融期貨
323,十多個
324,300美元
325,楊宇霆
326,大力發展體育事業
327,元世祖
328,燃油混合動力電動自行車
329,數學
330,亞熱帶季風氣候
331,經濟
332,目前沒有觀察到任何語言純[UNK]以力道來區分不同輔音
333,朱一貴
334,凱爾特部落群
335,失分
336,銃炮
337,1960年、1961年
338,1980年代
339,凱·艾維
340,高句麗
341,1980年
342,拉丁文
343,心肌梗塞
344,2010年
345,武漢
346,1868年
347,托土拉島
348,英國
349,倫敦大學
350,越野時
351,岡仁波齊峰
352,1973年
353,突厥
354,三菱重工業長崎造船廠
355,南斯拉夫人
356,民主制度的恢復
357,硫礦
358,丹尼索瓦人混血
359,忽必烈
360,中國
361,2000年
362,拉直
363,空軍
364,1955年
365,韓國
366,鹽島
367,1964年
368,史都華中校
369,1910年
370,突厥語族部落
371,在沙阿摩訶末時期崛起
372,1978年
373,1928年
374,激進組織
375,巴爾的摩市
376,中華民國政府
377,社團部
378,認為伊迪絲分散了托爾金對學業的注意力
379,電子郵件
380,元武宗時期，加封孔子
381,楊浦區大連路
382,2005年
383,長期以來，中國對處決犯人一直採取保密的措施
384,貝拉明
385,
386,雙循環泵
387,1809年
388,德國和日本國內市場狹小而無法發展
389,32年
390,先使用大量優勢兵力向西擊敗法國然後再掉頭往東對付俄國，然而德國總參謀長小毛奇卻害怕德軍在東線戰線上沒有足夠兵力應付俄國
391,從人文角度看，下薩克森邦幅員遼闊
392,伯克制
393,受到材料與設計的影響
394,國家起源說
395,路易·巴斯德
396,大里區
397,宣統三年九月十九日
398,1991年
399,
400,第二次工業革命
401,突厥語
402,哈雷阿卡拉國家公園
403,坎貝爾
404,8小時
405,樂壇女王
406,民國16年
407,國立廣東大學
408,亞伯拉罕諸教
409,六億七千多萬美金
410,妖怪
411,專家
412,中文
413,溫度的不同硫-34
414,非常混亂
415,阿爾泰語系
416,清太宗
417,信陽
418,1000多年
419,美國空軍
420,質能等價的關係：能量=質量
421,科技
422,馬港天后宮宮
423,東方帝國
424,七屆四中全會
425,15米
426,蘇丹
427,驍騎尉
428,[UNK]左右
429,2005年9月
430,
431,那拉氏
432,辛酉政變
433,銅的礦物
434,統一企業
435,2456293.520833
436,生物學
437,陳誠
438,孫中山
439,與德國單獨媾和
440,德國工業
441,九一八事變
442,1978年
443,沙洛克維克夫
444,680.48
445,莫比爾
446,嘉義市
447,對保護農業生產
448,肺呼氣機制
449,五角星
450,匈奴人
451,航海工業
452,阿29
453,匿蹤性能較佳
454,
455,1945年
456,一條簡單的直線
457,昆明城巴
458,伯克制
459,臺南州
460,腓力二世
461,南緯30度。其主要分布於大陸內陸區
462,1867年
463,大滿貫男子單打比賽
464,中華人民共和國
465,保守派
466,[UNK]++
467,高[UNK]
468,1912年
469,1982年
470,七年
471,奧地利
472,貝爾實驗室
473,梁朝偉
474,吳三連
475,1918年
476,米勒
477,1月8日
478,掃雷艇
479,海都之亂
480,多黨制
481,15年
482,80年代
483,波你尼
484,東晉時期
485,線傳飛控
486,光明星4號
487,烏孜別克人
488,2555公里
489,國共內戰
490,118年
491,茲維亞德·加姆薩胡爾季阿
492,以避免造成路口交通不暢
493,燃氣輪機
494,荀子
495,清朝
496,1935年
497,聯營公車
498,將傳統的靜穩定推向靜不穩定設計
499,中國政法大學
500,瓜拿納
501,二戰時期
502,分光鏡的觀測暗示埃歐的表面沒有水冰；同樣的觀測亦表面主要的成分是鈉鹽
503,中國的古代典籍《山海經》、《封神演義》、《西遊記》、《聊齋誌異》的深刻影響，在江戶時代
504,民國4年12月25日
505,文森特
506,1972年斯德哥爾摩聯合國人類環境會議的議題，有114個國家出席。會議成立了聯合國環境署及之後1992年
507,社會主義最終實現共產主義
508,貝爾根
509,太白，號青蓮居士
510,朱棣
511,《財富
512,休伯特•漢弗萊
513,小選舉區制
514,科索沃
515,抗議活動
516,自由放任
517,綠色工業
518,四年
519,段祺瑞
520,喬治麥高文參選，麥高文以他鮮明的反戰立場為號召，主張立即從越南撤軍，並保障所有美國人的最低收入。麥高文試圖對抗尼克森的政策，但卻被他搭檔競選的夥伴湯瑪斯伊格頓
521,萊萊
522,1925年
523,蝸頂
524,戰後1950年代
525,5.7
526,小型雷達測距儀
527,2002年
528,天然氣
529,軍事冒險主義
530,提供優先機會
531,整理遺產
532,生殖器官
533,經濟建設
534,《實業部組織法》
535,
536,殖民政策
537,帕吉勒提河
538,西南美麗的地方
539,天空的遼闊高遠，以表現「天」的至高無上
540,開羅
541,1932年
542,香港
543,1955年
544,多倫多運輸局
545,前23年
546,柵欄
547,1910年
548,法國民意
549,狄拉克
550,唐太宗
551,健康寫實電影
552,1956年7月
553,天狼星
554,中生代
555,伊爾庫茨克國立大學
556,鐵木真
557,32753人
558,1789年
559,兩個
560,臺灣省臺北市
561,大韓民國成立後，南韓人認為日占時期
562,張冠李戴地誤將藝聲
563,馬[UNK]
564,總兵官
565,阿普列尤斯
566,高速線哈大客運專線
567,漢風魏韻
568,自然科學
569,反文化運動
570,英國
571,郭沫若
572,轟炸機
573,夜間攔截任務
574,義大利
575,中世紀
576,聽放線，終止於大腦聽皮層
577,刺史
578,18個
579,至元二十九年
580,自由派
581,
582,陶瓷
583,1980年代
584,阿爾薩斯
585,法屬路易斯安那
586,1918年
587,魯斯蒂謙記錄的《馬可·波羅遊記
588,9年
589,玫瑰盃
590,1941年2月1日
591,101公里
592,國務院常務會議
593,低倍率
594,喬治亞共和國
595,1943年
596,逐步升級
597,陰道
598,聯邦制
599,韓國
600,有民權運動
601,希臘
602,瀕危物種
603,史都華的繼子羅納德·麥克林海軍陸戰隊
604,公民權
605,智慧地使用冷氣
606,極端大陸性氣候
607,金華
608,1928年
609,定向天線
610,霍布斯
611,1897年
612,中山盛產海鹽
613,南漢宸為主任的中國人民銀行籌備處
614,市場分析
615,上海南站
616,2006年
617,家庭喜劇片
618,同性婚姻者
619,婦女
620,反對建文帝削藩
621,
622,朱熹
623,社會民主黨，9位來自自由民主黨
624,傳播色情
625,電穿孔細胞
626,大連
627,第五區
628,最古老的活躍軍事單位
629,1982年
630,漢武帝
631,東地區
632,企圖分裂中華民國
633,義大利
634,西方文明開始衝擊朝鮮半島
635,常[UNK]
636,1936年
637,預言
638,非商用
639,五桂山
640,日本竹[UNK]魚
641,嘉義市
642,三級產業以43.2%領先製造業
643,29個
644,27年
645,10月23日
646,人傳》
647,漢字詞
648,第二次世界大戰
649,5000噸級
650,君士坦丁堡城
651,2015年年底前
652,古漢語
653,22年
654,阿列克修斯三世的女婿阿列克修斯·杜卡斯
655,汪達爾人
656,喜馬拉雅山脈
657,1937年
658,1964年
659,16世紀末
660,油氣開發
661,國際航空聯合會定義在100公里的高度
662,明孝宗
663,阿圖什地方，經常有來自周邊地區
664,
665,1925年
666,照射紫外線
667,九一八事變
668,春秋時
669,犧牲熊的儀式，一隻熊被箭射進肺部致死
670,閩江口
671,1899年
672,牟定縣
673,聖武記
674,
675,
676,「殖民主義
677,奧德
678,370千米，南北寬170千米
679,2000公厘
680,調動人民勞動的積極性
681,麥克萊倫將軍卻與原先設定的溫和派政策不合，結果大多數好戰派民主黨人都投給了林肯。1865年內戰結束後不久，林肯遇刺身亡，其副總統安德魯約翰遜繼任總統，雖然約翰遜
682,赤城鎮政府街1號
683,纖維心包
684,羅非魚
685,潘普洛納
686,長白山優質天然礦泉
687,1848年
688,臺灣府志
689,杜林
690,第265任
691,一盤中戰至6比6時
692,39年
693,錯誤印刷
694,亞歷山大漢密爾頓
695,超新星
696,全斗煥
697,2007年
698,小熊
699,索馬利亞政府司法系統
700,382年
701,軍隊編制問題
702,劉銘傳
703,韓國
704,1
705,何韻詩
706,1923年
707,畢達哥拉斯
708,2009年
709,湘西土家族苗族自治州
710,許貢
711,阿拉伯咖啡的咖啡因含量通常比中果咖啡
712,北魏孝文帝
713,李定國
714,22條
715,公共健康與醫學
716,《新基本法令》
717,1962年
718,建文四年
719,列寧及蘇聯革命
720,奧匈帝國
721,突厥汗國
722,白矮星
723,咖啡因
724,[UNK]騎大將軍司馬元顯下令討伐荊州刺史桓玄，並以劉牢之為前鋒。桓玄率軍兵臨建康時，劉裕請求進攻，但劉牢之不肯，反而想叛歸桓玄。劉裕當時與何無忌極力諫止但都無效，劉牢
725,階梯狀
726,漳州人
727,6個小時
728,1866年
729,憲法
730,嚴濟慈
731,90年代
732,金日成
733,41539國際元
734,吉爾·德·萊斯男爵
735,西班牙瓦倫西亞
736,1787年
737,朱元璋
738,復仇
739,1898年
740,守舊派
741,
742,端敬王后
743,中生代
744,約瑟夫史達林
745,中華人民共和國
746,
747,人口增加
748,蘇聯
749,《中華人民共和國國務院組織法》第八條
750,維多利中心
751,主序帶上恆星
752,嚇阻鳥群
753,華人富有、加上不少華人傾向中共，各國為推行反共政策
754,2.7％
755,日本
756,分子雲內部
757,鮮卑部落
758,鮑德溫伯爵
759,1918年
760,1939年
761,
762,巴黎條約
763,1984年
764,麥迪遜分校
765,乾燥的時候
766,麻赫穆德·喀什噶里
767,帕拉多霍祭壇組雕
768,資格賽賽制
769,周昂駿
770,2000年10月
771,13世紀
772,三監之亂
773,周恩來
774,
775,至元十三年
776,列如
777,60年代
778,圖西族
779,聖餐持紀念說
780,自殺者
781,《三國志
782,低倍率望遠鏡
783,長沙太守
784,熱遲滯現象
785,2002年
786,上海
787,比利時
788,濃硫酸
789,每一種事物都是由原子所組成的
790,兄弟國的盟約
791,2010年
792,二氧化硫
793,1979年
794,義大利
795,江南社會
796,卡拉恰伊湖
797,宋理宗
798,汪達爾-阿蘭王國，阿蘭王國
799,南京
800,共和黨
801,日本
802,二戰的爆發
803,1976年
804,上海
805,1949年
806,提姆·柏內茲李
807,階級社會
808,1946年4月20日
809,部隊局
810,1449年
811,1970年
812,隆武帝
813,第一次世界大戰
814,孫叔敖造田興水
815,吉爾·德·萊斯男爵
816,雙汗制
817,482年
818,恐怖份子刺殺的林肯總統
819,中華全國體育協進會
820,外在的因素造成光度的變化，像是食雙星，還有極端的情形是由恆星自轉
821,《武狀元蘇乞兒
822,1956年
823,《產假和保護婦女兒童權利法》
824,為菲律賓富商工作的工資遠高於在港工作
825,中華民國國軍
826,夫餘國
827,人民頻繁的遷移
828,公元7世紀
829,網際網路版權問題的存在，往往被禁止的作品可以在網上免費收看。對於境外節目，當局有一套嚴密的制度用以保證阻止國外的「不良內容」進入，對境外落地的信號實施地面頻道干擾
830,
831,匈牙利
832,1979年
833,高句麗
834,寧都會議
835,
836,相約成俗
837,大戰期間，全國的科學家與工程學家聚集在1940年
838,妖怪學
839,1987年
840,基督教
841,汾河
842,漢卿
843,汪精衛
844,陳平順
845,緻密星
846,加洛林王室
847,整個站體都位於天橋上
848,1950年
849,聯合國大會因此在1946年11月19日通過35號決議
850,青銅時代
851,天皇
852,朝鮮白頭山
853,
854,2014年
855,羅馬帝國
856,重力
857,第一目擊者
858,擔心引起教會勢力的強烈反彈
859,1988年
860,韓國
861,王孝通
862,圖西族
863,法文老師
864,阿瓦魯阿所在的最大島拉羅東加島
865,廉興
866,基因特質
867,印地語
868,貝拉明
869,清康熙帝
870,農民先在某塊田中培育秧苗
871,13小時
872,43年
873,地質類學科專業
874,中國科學技術大學副校長
875,咖啡因
876,狄奧多西
877,2000年6月
878,高速公路形成的「一日生活圈
879,美西戰爭
880,尊漢思想
881,蒂羅爾
882,硫化物
883,供應服務過多
884,1910年革命
885,洛邑
886,向社會出賣自己的智力創造謀取生活資料
887,杜慧度
888,憲政改革
889,英國
890,斯塔福德郡
891,義熙十四年
892,劉少奇
893,1922年
894,大學4年。小學和初中在韓國是免費義務教育
895,尚未開化的文化現象，因此妖怪是不存在的，它代表著一切非理性力量的總合。另一種是從文化人類學、民俗學的角度來看待妖怪，從聚落共同體的農業時代
896,東德使館
897,1573年
898,1989年
899,質量大於0.4太陽質量
900,顯微注射
901,馬可波羅
902,新羅馬
903,滬寧鐵路
904,離岸人民幣
905,《倫敦條約》
906,第三次
907,生育自主權
908,大質量的恆星燃燒燃料的速度快，生命期
909,加拿大軍隊
910,120天
911,1950年代
912,文藝復興運動
913,
914,文藝復興式
915,楚州人
916,1590年
917,1989年
918,埃姆斯蘭到博特羅普
919,民主德國廣播電台
920,最遙遠
921,1584年
922,
923,媒體維基
924,
925,2000年
926,67個
927,1月21日
928,1884年
929,
930,黑龍江
931,私立大學
932,三座
933,早期韓國華僑的聚集所在
934,北燕馮跋
935,林紹良
936,汪大淵
937,漢字詞在數量上要占到韓語詞彙一半以上。外來語是指從中國以外的其他國家借鑑過來的詞語，以英語
938,[UNK]稻
939,宋真宗
940,50%
941,美國聯邦調查局以及當時的約翰·胡佛局長
942,9月
943,由於其副汗或小汗多帶有伊利的的稱號
944,唐德剛
945,路易十四
946,韓國
947,0.07個
948,閩南人
949,28年
950,李煥之
951,公共汽車
952,精子的細胞核會進到卵子
953,石排灣
954,正教
955,八角鼓
956,失敗者的和平
957,文化大革命
958,1642年
959,徐載弼
960,蒙哥
961,
962,芝加哥大學
963,船業
964,收放式起落架
965,紐格威森林
966,2012年
967,拿破崙
968,
969,166年
970,科學
971,資本主義經濟體，政府在經濟體系內扮演的角色逐步縮小。實施市場經濟
972,1963年
973,亞歷山大六世
974,1919年
975,悼念周恩來集會
976,
977,1958年底
978,前趙將幽州設在北地郡，後秦將冀州設在蒲板，南燕將徐州設在莒縣等。由於一些國家採胡漢分治的制度
979,涵元門
980,郭沫若
981,漢文
982,12次
983,科學社會學
984,1138公頃
985,《中華人民共和國村民委員會組織法》
986,荷蘭
987,聯合國專家
988,《少林足球》
989,內陸地區
990,國大黨
991,白[UNK]紀滅絕事件
992,權色交易
993,共同祖先說
994,1252年
995,元朝
996,1929年
997,
998,鐵製蒸汽船
999,文森特
1000,環境保護主義
1001,詹姆士·麥迪遜
1002,1955年
1003,蘇聯紅軍
1004,
1005,1991年
1006,甘迺迪政府學院
1007,−26.7
1008,修道主義
1009,1999年
1010,亞歷山大漢密爾頓
1011,中國
1012,1960年
1013,國務委員會委員長
1014,紐約尼克
1015,預付的模式
1016,文化大革命後學校
1017,100萬
1018,發動機
1019,匈奴
1020,9月6日
1021,貴族等級制度相關記載及歷史遺留。如歷史上日本的皇室、公家分謂；朝鮮的兩班制度；中國
1022,工程化核酸酶
1023,伊薩克二世
1024,統帥
1025,外部刺激
1026,麥克阿瑟
1027,
1028,武漢行營副主任
1029,為了躲避戰亂
1030,朝鮮半島
1031,64%
1032,馬爾吉特
1033,收集帝國內部民族的重要消息
1034,1826年
1035,漢字詞
1036,三人團
1037,舊石器時代
1038,166年
1039,荀子
1040,集團軍
1041,半日制學堂
1042,網際網路版權問題的存在
1043,愷撒
1044,朝鮮語
1045,倫敦霍洛威
1046,佛教
1047,烏爾蘇拉
1048,1964年
1049,南方超大陸
1050,與中共的任何政治現狀的改變在臺灣都是最缺乏民意基礎與政治市場的選項。2010年12月，行政院大陸委員會所作的的民意調查，高達87.3%的絕大部分臺灣民眾認為應該維持現狀
1051,挪威
1052,越戰
1053,軍事介入失敗
1054,
1055,英國
1056,李紳
1057,
1058,四帝共治制
1059,1060公釐
1060,1941年
1061,唐軍
1062,荊州劉表
1063,慶元
1064,北平綏靖公署主任張學良轉任軍事委員會北平分會副委員長
1065,
1066,石油危機
1067,秦朝
1068,奧斯陸峽灣
1069,1920年
1070,硫代硫酸氨
1071,《金雲翹傳
1072,89萬人
1073,1912年
1074,1627年
1075,區域性污染
1076,羅德城
1077,唐生智
1078,夏季
1079,板橋地方法院
1080,戴克里先
1081,6世紀
1082,98所
1083,甘肅省
1084,決勝局
1085,1所
1086,義大利耶穌會
1087,一個
1088,破四舊
1089,三次
1090,為了獲得大寧地區的駐牧權
1091,俗語
1092,郭松齡
1093,爆炸性
1094,邊督辦公署
1095,17世紀初
1096,1968年
1097,大型化
1098,1932年
1099,吉田定房
1100,世稱恭順
1101,河川
1102,二戰
1103,早就難以為繼的財產資格限制
1104,南越國
1105,汗位取得不合法
1106,奧東·德拉羅什
1107,莊士敦道
1108,帕塔普斯科河
1109,1945年
1110,義熙十一年
1111,政府資助研究項目
1112,芬蘭的赫爾辛基
1113,《男人四十》
1114,羅馬帝國
1115,1801年穀神星被發現；1846年
1116,辛亥革命
1117,李白
1118,合會朱陸
1119,傑弗里·德維爾阿杜安
1120,阿拉伯半島
1121,
1122,加州尤巴城
1123,君主
1124,天下人
1125,外蒙古
1126,提姆·柏內茲李
1127,朱序
1128,石油危機
1129,教育產業化
1130,1992年
1131,康拉德·阿登納
1132,山東半島
1133,聖奧古斯丁
1134,大約公元185年
1135,弱勢群體
1136,大正天皇
1137,四牌樓紀念基金」。另外，西區圖書館
1138,北齊
1139,義輝
1140,道格拉斯在民主黨的提名大會上沒能取得三分之二的提名票數
1141,中華人民共和國衛生部
1142,信奉錫克教的印度政府領導人
1143,斯拉夫人
1144,第4
1145,聯邦制
1146,1799年
1147,加勒比海地區，處於波多黎各
1148,法國
1149,七月初四
1150,德國
1151,329440元銀元
1152,34年
1153,50元
1154,中華民國
1155,9局
1156,秧苗
1157,七個
1158,周恩來
1159,卡加梅
1160,一千多年
1161,印度教
1162,[UNK]
1163,財務分析工具
1164,自然
1165,海軍中尉
1166,德川家康
1167,空射火箭
1168,1836年
1169,農業省敘利亞
1170,城市計
1171,德里克·羅勃茲
1172,伊斯蘭教
1173,印度
1174,
1175,滬昆高速公路
1176,13小時
1177,法國
1178,歐德謨
1179,道本頓
1180,通州張家灣
1181,融合史劇
1182,《血盟救國軍軍歌》
1183,廣州
1184,聽診器
1185,
1186,唯泰主義
1187,1970年代浙江河姆渡遺址的七千年前稻穀的出土、1993年中美聯合考古隊在湖南道縣玉蟾岩發現了世界最早的距今約8200年
1188,《海峽兩岸服務貿易協議
1189,阿速特部
1190,自由主義
1191,1874年
1192,每一聲波周期
1193,卡斯特拉
1194,李克強
1195,河東道
1196,這些因素
1197,米利都
1198,熱帶稀樹草原
1199,韓國
1200,代替太原綏靖公署職權
1201,63個
1202,46公里
1203,十六世紀
1204,帕多瓦大學
1205,周宣王時期
1206,吉隆坡
1207,1885年
1208,軍事防衛
1209,發展局
1210,二氧化硫
1211,北京電視台
1212,[UNK]州縣
1213,十月革命
1214,英國
1215,美國大學協會
1216,
1217,日本關東軍
1218,開京
1219,美國大蕭條時期
1220,財政危機
1221,伊薩克
1222,明文
1223,蔣介石
1224,全印穆斯林聯盟
1225,受通古斯人壓力
1226,喇嘛教
1227,鎌倉時代
1228,主序帶上的恆星，最低層的大氣是色球層，針狀體和閃焰會出現在這兒。包圍在外面的是過渡區，溫度在不到100公里的距離
1229,建設中國特色社會主義
1230,劉裕
1231,傳統基督教教
1232,丹都洛總督
1233,佛教
1234,中世紀時期大分裂的社會有共同點，貴族擁有爵位、領地，在自己的領地內作為君主，而同時又對高一等級的君主效忠服役。其代表性制度為周代
1235,東正教，少數信仰伊斯蘭教
1236,臺北市
1237,鄧小平
1238,南斯拉夫
1239,武陵、零陵四郡。後孫權將南郡借給劉備。同時在建安十五年，孫權取得了交州。在劉備取蜀之後，孫權謀求奪取荊州
1240,殺蟲
1241,法國大革命
1242,自由韓國黨
1243,日本
1244,二十世紀
1245,消極防禦戰略
1246,德國
1247,1898年
1248,義大利汽車之都
1249,
1250,工作心肌細胞和自律心肌細胞
1251,在軌道上驅動列車
1252,聖喬治拉丁文學校
1253,23年
1254,1948年12月1日
1255,武宗系
1256,
1257,魏博拉盧比民達行業工會
1258,文章奧府
1259,細胞之間轉換基因
1260,非洲
1261,瓊州海峽
1262,安德魯約翰遜
1263,普林斯頓大學
1264,83年
1265,釣魚台國賓館
1266,伊達政宗
1267,解釋恆星內部和恆星演化的模型被成功的發展出來；恆星光譜也因為量子物理學的進展
1268,3年
1269,美國聯邦儲備委員會
1270,潘章
1271,班傑明·富蘭克林
1272,高雄
1273,第二代
1274,日美神奈川條約
1275,北京
1276,由八個硫原子組成的環
1277,哈利里德
1278,較為普遍的共通點
1279,柏拉圖
1280,波蘭人
1281,千島湖事件
1282,英祖四年
1283,改良式腳踏車
1284,給我一個膠帶
1285,三個
1286,1830年
1287,全球資訊網
1288,八月
1289,被歸入的上層學科認知科學
1290,廣州話
1291,傑瑞·威斯特
1292,粳稻
1293,挪威
1294,1800個
1295,中國郵政集團公司
1296,清朝沒有誠意
1297,「我們就是人民！
1298,安納托利亞人
1299,川上浩二郎
1300,1913年
1301,使命乎合土地撥贈法案
1302,國王士瓦本
1303,洛杉磯快艇
1304,腓力五世精神上的缺憾
1305,牡丹峰樂團
1306,印度
1307,3座
1308,周敦頤
1309,
1310,朱利烏斯·凱撒
1311,「豫
1312,1919年3月1日
1313,1133515人
1314,喃字
1315,排灣族
1316,牛津大學
1317,普選制度
1318,李氏王朝
1319,2015年
1320,1995年
1321,民主黨
1322,秧苗
1323,
1324,488年
1325,病態賭徒
1326,
1327,科學界
1328,黃中理
1329,《雅爾達協定》
1330,瑞士
1331,1905年
1332,美國
1333,較便宜的鐵
1334,拿破崙
1335,廣東省
1336,玫瑰盃
1337,羅馬法
1338,心理學
1339,希臘
1340,拉丁字母
1341,《中俄密約
1342,
1343,聯邦和各成員單位的雙重國籍
1344,24英吋克拉克望遠鏡
1345,生物質
1346,秘書處
1347,就地掩埋稻草
1348,66種
1349,
1350,印度
1351,視錐細胞
1352,人口眾多
1353,威廉二世
1354,遵義會議
1355,
1356,君士坦丁大帝
1357,國際網球總會
1358,8月26日
1359,希臘
1360,朱棣
1361,外交手段
1362,1887年
1363,2008年
1364,畢達哥拉斯
1365,2010年
1366,1918年
1367,阿普伽新生兒
1368,魯宗
1369,為了進一步驅逐西班牙勢力
1370,大韓帝國
1371,
1372,生物動力學
1373,印度洋暖濕氣流
1374,太白山脈
1375,對中國在外蒙主權
1376,速度
1377,民國十八年
1378,太白山脈
1379,一萬兌一比率
1380,10名
1381,東北停戰協定
1382,1996年
1383,1985年
1384,18世紀
1385,顯示自己的獨立自主
1386,公元前三世紀
1387,啟德機場
1388,1971年
1389,1997年
1390,牛津大學默頓學院
1391,造園界先驅，也是庭園營造大師
1392,越南人
1393,1914年
1394,紀念廣島原子彈爆炸
1395,2300多種
1396,對能源的需求持續增長
1397,女性
1398,40倍
1399,1958年
1400,白色不透明
1401,1856年
1402,鳳伽異
1403,反革命事件
1404,王光美
1405,理察·科伯恩·麥克勞林
1406,
1407,1624年
1408,15%
1409,江青所騎[UNK]子
1410,奈及利亞被歸類為新興市場，並且正迅速接近中等收入國家的標準，該國有豐富的資源，以及發展良好的金融、法律、通訊和交通行業，還有非洲第2大的證券交易所。按購買力平價計算，2007年奈及利亞的[UNK]排在世界的第37位。奈及利亞
1411,美國人
1412,2000年
1413,
1414,農田
1415,低地方言德語
1416,2013年2月11日
1417,1973年
1418,部落衝突
1419,南開中學
1420,科學家
1421,10萬人
1422,明太祖
1423,抗佝[UNK]病維他命
1424,馬來-玻里尼西亞語族
1425,7歲
1426,預算限制放棄[UNK]後，歐洲太空總署決定自行研發太空船。1993年野心勃勃的樣本取回任務對於歐洲太空總署預算明顯地不切實際
1427,dictatorship
1428,中央政府
1429,元代
1430,43人
1431,限制性消化
1432,何無忌
1433,超級模特兒
1434,三層神經細胞
1435,志費尼
1436,中國共產黨
1437,
1438,1994年12月1日
1439,最高榮譽大獎
1440,錫克教
1441,1986年
1442,《安邦定國誌》
1443,水上人漁民，源自遠古百越族
1444,省級公園
1445,黨人
1446,伊斯蘭教
1447,徐樹錚
1448,明太祖
1449,《網球場宣言
1450,阿內加達島
1451,對空警戒
1452,外國不可能介入內戰
1453,南朝鮮
1454,葡萄牙
1455,公共救濟
1456,日本
1457,復讀生
1458,九龍灣
1459,南遷廣州
1460,阿拉伯宗教
1461,東漢開始，漢字開始有系統和大規模的傳入越南。到了越南陳朝
1462,11000間
1463,加拿大五大銀行
1464,共產國際
1465,漢諾威
1466,中央電視台高清綜合頻道
1467,石亭之戰
1468,《蘇蒙修好條約》
1469,主體史學
1470,心室底壁組織
1471,1683年
1472,1884年
1473,第二產業
1474,俄羅斯
1475,
1476,[UNK]
1477,社會主義市場經濟
1478,曹議金
1479,新幾內亞
1480,正德十一年
1481,中計受突擊
1482,奧地利
1483,亞穆納河
1484,孟加拉
1485,沙俄軍隊
1486,200萬立方公尺
1487,黑龍江
1488,1992年
1489,北角
1490,
1491,蔣中正
1492,大和國
1493,佛教
1494,聲音對基底膜的影響
1495,無性生殖
1496,魔鬼終結者2
1497,母親病危
1498,巴塞隆納奧運
1499,鬍鬚狀
1500,阿拉巴馬州
1501,猴祭及女性的鋤草祭
1502,[UNK]-15戰鬥機
1503,
1504,從2009年6月起，車站又開始了無柱雨棚的建設
1505,1980年
1506,1958年
1507,納戈爾諾-卡拉巴赫戰爭
1508,孟德爾遺傳模式
1509,路易斯一世
1510,《時代》
1511,極權主義
1512,《法蘭克福條約
1513,路易·勒沃
1514,
1515,活塞發動機
1516,
1517,東吳
1518,愛德華一世
1519,沒有花瓣
1520,1938年
1521,想取快錢
1522,獻縣張莊
1523,[UNK][UNK][UNK].[UNK]
1524,陸秀夫
1525,廣東人
1526,
1527,塘沽協定
1528,烏蘭烏德
1529,1897年
1530,胡錦濤
1531,2003年3月4日
1532,為了降低成本
1533,發展局
1534,杭州[UNK]橋機場
1535,勃艮地人
1536,國內穩定
1537,總督
1538,興王
1539,衛奕信
1540,非歐幾里得幾何
1541,2009年
1542,十景
1543,忽必烈
1544,花垣鎮
1545,未來以任何方式著陸埃歐的探測器都不需要安裝隔熱板來保護儀器
1546,惠金斯原理
1547,松花江
1548,波士頓理工
1549,較長
1550,2010年
1551,為了便於管理漢地
1552,喬托號
1553,
1554,烏里雅蘇臺將軍
1555,拿破崙為「社會主義皇帝」。聖西門主義
1556,9月21日
1557,蔡[UNK]
1558,中國
1559,《刑部大理寺狀》
1560,澳大利亞新南威爾斯州
1561,太陽運動
1562,天主教會
1563,羅馬共和國時期
1564,細毛
1565,韓國
1566,藍屋
1567,圖西族
1568,10萬人
1569,七千萬件
1570,張三祿
1571,
1572,百老匯出演
1573,劉琮
1574,高血壓
1575,北燕
1576,《中國郵政集團公司章程》
1577,旨在保護環境
1578,城市物質形態
1579,環境保護主義
1580,773年
1581,懷柔區
1582,七間
1583,因民間反應不佳
1584,光緒十年
1585,1970年代
1586,郵票的廣泛使用帶攜了集郵的興起。法國人喬治·赫品在1864年新造了一詞[UNK]來表示集郵者該詞來源於希臘語
1587,奧地利及瑞士
1588,
1589,加拿大
1590,七個
1591,安定
1592,德國郵政
1593,乾旱
1594,《內戰記
1595,台北都會區
1596,甲午戰爭
1597,因為政府採取反共措施
1598,1910年
1599,西里爾字母，因為它與希臘字母比較相近。現時，塞爾維亞語同時在使用拉丁字母
1600,1935年
1601,《英華字典
1602,8.6%
1603,浙江海商
1604,巴西
1605,歐洲聯盟
1606,圜丘壇和祈年壇
1607,法國
1608,加加林
1609,七年戰爭
1610,100米
1611,咖啡因中毒
1612,國民政府
1613,漢江
1614,
1615,狄托
1616,學權部
1617,1984年
1618,
1619,5位
1620,芽孢炭疽桿菌
1621,1945年
1622,金代
1623,米高梅
1624,1988年
1625,果敢
1626,英國在拉哥斯建立據點後，不斷向內陸擴張；1900年，南、北尼日尼亞均淪為英國「保護國」；1914年合併成為英國
1627,耶穌會
1628,20世紀之交，一戰前夕
1629,鐵鉉
1630,傑瑞·威斯特
1631,《義勇軍進行曲
1632,棉花
1633,卡洛·埃馬努埃萊一世
1634,郭沫若
1635,中國領土
1636,先來後到的土地分配衝突
1637,
1638,勒拿河
1639,厄德
1640,羅馬共和國中後期
1641,東漢時期傳入中國，由於當時儒教興盛
1642,對英態度強硬
1643,克里斯蒂安四世
1644,蒸汽輪機
1645,哈大客運專線
1646,亞熱帶常綠闊葉林
1647,1947年
1648,威廉一世
1649,
1650,約翰·莫根
1651,氧化緩慢
1652,1835年
1653,咖啡因
1654,中國應該統一
1655,1972年
1656,怯薛
1657,汪精衛
1658,英國文化、媒體和體育部
1659,
1660,直系
1661,水牛城勇士
1662,孫中山
1663,七月初六
1664,訪客觀賞區
1665,殖民政策
1666,[UNK]染色體
1667,
1668,16世紀
1669,潮濕的大陸性氣候帶
1670,配子
1671,騎士團
1672,孟郊
1673,佩德納萊斯河，德克薩斯州石牆郡
1674,皖系軍
1675,清廣東水師提督關天培都是楚州人
1676,1964年
1677,1967年
1678,主人
1679,哲布尊丹巴
1680,孟懷玉
1681,將原「布政司署」改稱為「政府總部
1682,1861年2月9日
1683,1599年閏3月3日
1684,漢字
1685,安托萬·拉瓦錫
1686,伊斯蘭教
1687,壓力梯度
1688,管叔鮮
1689,參議院
1690,城市信封
1691,
1692,皖浙贛獨立團
1693,德川家康
1694,經濟蕭條
1695,世族
1696,1853年
1697,新加坡
1698,民國34年
1699,1270年
1700,電路傳導飛控命令為基礎上開發，更重要的是可以有多部電腦介入飛控系統
1701,三個
1702,孫中山
1703,蒙古帝國
1704,漢武帝
1705,江河級
1706,2017年
1707,21473平方公里，其中市區面積約330平方公里
1708,傳教士
1709,颶風
1710,世界氣象組織
1711,玻璃器皿
1712,黃河流域
1713,旭烈兀
1714,約700家
1715,第九屆中國溧陽茶葉節
1716,全市綠化比例高
1717,收到十二道金牌班師回朝
1718,澳大利亞
1719,和林哈拉
1720,民國三十六年11月21日至23日依憲法規定舉行第一屆中華民國國民大會代表選舉，民國三十七年1月21日至23日則舉行第一屆中華民國立法委員選舉；同年3月29日
1721,西元3268年
1722,2010年
1723,青島海軍基地
1724,前涼
1725,日本各[UNK]鐵路公司的票務櫃臺
1726,周恩來
1727,
1728,西方遊客
1729,視網膜神經節細胞
1730,黎元洪
1731,迪群股份有限公司
1732,中華民國台灣
1733,第二次世界大戰
1734,1961年
1735,白光
1736,陳誠
1737,1966年
1738,奈特·麥克米蘭
1739,無佛像時代
1740,1977年
1741,白色
1742,自由聯合
1743,奈特·麥克米蘭
1744,英國
1745,使公民的人身權利不經審判被剝奪，同時沒有救濟的渠道
1746,《劃一現行各道地方行政官廳組織令》
1747,漢玄菟郡
1748,1948年
1749,蒸汽膨脹
1750,隋[UNK]帝
1751,石碇區石碇里
1752,日本
1753,美國心臟學會
1754,澳大利亞甚至世界1/4的人口都在大英帝國
1755,《八篇書
1756,英法
1757,奧伊彭-馬爾默迪地區
1758,路易
1759,合作派
1760,思覺失調症
1761,泰晤士河爆發大惡臭
1762,1個
1763,1990年代
1764,阿弗剌昔牙卜
1765,24%
1766,高麗國
1767,後現代主義
1768,1828年
1769,媒體維基」一名
1770,大會
1771,西安招待所
1772,公元前12年
1773,湯瑪斯傑佛遜
1774,安太歲習俗，不少民眾在新春期間
1775,郵值標籤
1776,席哈克略皇帝
1777,1989年
1778,宙斯
1779,農耕節
1780,俄國革命
1781,為了制衡德軍
1782,李[UNK]
1783,
1784,敵我矛盾交織，反對把一切矛盾都上升為敵我性質
1785,
1786,西塞羅句法
1787,一百億年
1788,會稽虞氏
1789,英國
1790,木星
1791,愛滋病毒
1792,1993年
1793,外蒙古
1794,張聞天
1795,嶄露頭角
1796,法家
1797,五個省
1798,通古斯地區過於偏遠
1799,安大略湖
1800,urwagwa
1801,
1802,劉駿
1803,於瑞詩凱詩結束峽谷河段，在赫爾德瓦爾附近進入恆河平原
1804,浮動匯率制度
1805,英國
1806,史都華依然故我
1807,意識形態
1808,七歲
1809,法國
1810,1928年
1811,5個
1812,黑體輻射
1813,曼哈頓
1814,清咸豐年間
1815,君士坦提烏斯
1816,師承
1817,彌生人
1818,甲醇
1819,高句麗
1820,牛隻列印問題
1821,重慶國
1822,異族統治
1823,中國
1824,1590年
1825,1941年
1826,細胞核
1827,將閥門的操作自動化
1828,俄國發生十月革命
1829,俄羅斯
1830,為了維護毛的權威，仍然參與到以空前的高調呼籲對毛的個人崇拜的浪潮中來
1831,幅員遼闊，選舉人數超過三百萬
1832,1943年
1833,多倫多市
1834,顯性文明
1835,超過9倍太陽質量
1836,愛倫·坡
1837,一種非常常見的無味無臭的非金屬，純的硫是黃色的晶體
1838,資產負債表
1839,德川家康
1840,日本
1841,+1.41
1842,無法續用「臺北」之名作為升格後的名稱，臺北縣政府因而對外徵求改制後的新市名，並舉行網路投票
1843,北·韓國」與「南·韓國
1844,1789年
1845,公爵博物館
1846,泰勒斯
1847,32.8%
1848,塞拉耶佛事件
1849,鮑羅廷
1850,義大利
1851,金合歡
1852,13倍
1853,黃埔軍校
1854,《紅樓夢》
1855,1932年
1856,1970年
1857,滇軍在雲南
1858,14世紀末至20世紀初
1859,電子郵票
1860,儒字
1861,曼努埃爾一世
1862,剛果民主共和國、盧安達和蒲隆地交界，南與馬拉威和莫三比克
1863,馬克思主義
1864,成熟階段
1865,
1866,吠陀梵語
1867,1950年代
1868,羅伯特·波義耳
1869,湯·韋迪加
1870,麥羅沃州
1871,
1872,民用航太
1873,30%
1874,中國通俗文化
1875,腓特烈二世
1876,義大利
1877,2000年
1878,1932年
1879,《天國的階梯》
1880,路易-菲利普登基
1881,戈翁
1882,吳兆南相聲劇藝社
1883,《古魯·格蘭特·薩希卜》
1884,1865年
1885,周叔蓮
1886,1924年
1887,德國財政局
1888,200萬立方公尺
1889,楊宇霆
1890,法國
1891,詹姆斯·史都華
1892,周恩來
1893,清朝沒有誠意
1894,後續效應有害
1895,藍營
1896,國務會議
1897,洛厄爾天文台
1898,加拿大式雙打
1899,三名
1900,中日甲午戰爭
1901,金門
1902,電氣化鐵路
1903,《容齋隨筆》
1904,2007年
1905,中華民國實業部
1906,1966年
1907,多倫多
1908,京大校園
1909,約翰·洛克菲勒
1910,1960年代末
1911,1815年
1912,埃德溫·哈勃
1913,胡季[UNK]
1914,
1915,議會制
1916,1977年
1917,穆拉維約夫起草的東西伯利亞喇嘛教則例
1918,莫斯科
1919,五分之一
1920,畢生代表作
1921,魔獸英雄傳
1922,克倫威爾路
1923,典災難片
1924,日本
1925,在美國硫酸是所有生產得最多的化合物
1926,克萊蒙梭
1927,水門事件
1928,中山港大橋擴建工程，翠亨快線，斯364線
1929,閻錫山
1930,1997年
1931,托爾金
1932,龍興之地
1933,因開放市場的需要
1934,阿伊努人
1935,1937年
1936,3.8%
1937,納粹德國國防軍
1938,艾森豪
1939,270萬平方公里
1940,
1941,
1942,二二八事件
1943,
1944,澎湖
1945,亞硫酸
1946,理學
1947,1998年
1948,2016年11月
1949,毛澤東
1950,1950年
1951,高輻射的環境
1952,維基媒體
1953,二氧化碳
1954,1939年
1955,清朝末年
1956,城堡
1957,哲學原理研究
1958,1998年縮水7%之後，在1999年迅速增長9.5％。2001年8月15日
1959,第六次全國人口普查，全市常住人口
1960,
1961,1455年
1962,鄧穎超
1963,代表宇宙秩序
1964,傳統音樂
1965,
1966,奧地利
1967,土耳其
1968,恢復市場的功能，以邁向生產力理論
1969,北非的希波大會
1970,直轄市
1971,1834年
1972,淋巴液
1973,斷罰出征，並全征燒埋銀
1974,1901年
1975,五歲
1976,蘿蔔糕
1977,農歷新年
1978,
1979,音速巡航
1980,1312年
1981,1888年
1982,
1983,以色列
1984,明懿安後外傳
1985,兩個
1986,對日抗戰
1987,1989年
1988,元武宗
1989,天文學家
1990,毛澤東
1991,英國
1992,國際非政府組織
1993,1991年
1994,中部科學園區
1995,台北市立體育場
1996,朱友貞
1997,1945年至1992年
1998,1928年
1999,收容遣送制度
2000,中國國民黨
2001,文末
2002,狄拉克
2003,金黃飽滿
2004,滿蒙獨立運動
2005,
2006,共產黨
2007,矽燃燒過程
2008,劉少奇
2009,瑞士洛桑國際管理學院
2010,1950-1980
2011,著陸
2012,有感於本人對基本人權的認識
2013,丹尼爾奧爾特加左派社會主義政府。民主黨沒能阻止雷根
2014,幾何學
2015,1998年1月1日
2016,《風之國度
2017,蠻族事務局
2018,布里亞特喇嘛阿格旺多傑
2019,首席的元老
2020,11世紀
2021,阿普列尤斯
2022,德國人、義大利人和來自東歐的猶太人
2023,光度
2024,克萊斯勒貸款法案
2025,省務會議
2026,1610年1月7日
2027,荷蘭
2028,伊斯蘭教
2029,1835年
2030,六四天安門事件
2031,衛星將地面基站發射的微波訊號遠距離傳輸，最終用戶使用定向天線
2032,通俗的
2033,數百萬克耳文
2034,伯利恆修道院
2035,2000年
2036,1987年
2037,洪堡
2038,1847年
2039,唐睿宗
2040,1966年開始的「文化大革命」中，田漢被打成「右派」，於1968年
2041,不動產
2042,根據設立的主體不同
2043,林肯總統
2044,風景怡人
2045,元末民變
2046,促進了曼尼托巴省的農業發展
2047,
2048,1599年
2049,3個
2050,香港國際機場
2051,吸引選票
2052,段祺瑞
2053,普魯士
2054,高句麗
2055,日本
2056,
2057,學會部
2058,林肯總統
2059,科什圖尼察
2060,
2061,婦女投票權
2062,500毫升
2063,古代
2064,民國四年
2065,蒙古人
2066,正德十一年
2067,閏盤。閏盤
2068,
2069,經濟學人智庫
2070,劉少奇
2071,當旭烈兀得知蒙哥於南征南宋時去世的消息
2072,瀧川
2073,莫高窟
2074,電穿孔細胞
2075,參見明朝皇帝
2076,2次
2077,1924年
2078,梁啟超
2079,期貨合約
2080,洋馬兒
2081,敗壞
2082,1米93
2083,鹿兒島
2084,香港主流傳媒
2085,坡度較高
2086,《煙霧消除法
2087,威廉·赫歇爾
2088,男女性未婚人口比一度去到，香港女性的擇偶條件變得非常高，很多香港本土非逃港者
2089,柏拉圖
2090,教法
2091,空中武力
2092,巴斯克人
2093,阿爾卑斯山
2094,炮兵連
2095,1957年
2096,劉[UNK]
2097,一億光年
2098,1995年
2099,紅矮星
2100,日語
2101,阿爾法級別
2102,19世紀
2103,草本
2104,涵元殿
2105,奧斯卡·赫特維希
2106,1971年
2107,英國
2108,徐世昌
2109,免疫
2110,民國18年
2111,俄羅斯人
2112,1913年
2113,法國東部
2114,灣仔
2115,拉丁語
2116,美國人
2117,畢達哥拉斯
2118,愛格思海金斯公司
2119,雪山寶貝
2120,第53
2121,大糞坑
2122,主教座堂
2123,一次世界大戰時期
2124,安眠藥
2125,史坦波中心
2126,《科學怪人》
2127,富蘭克林·德拉諾·羅斯福
2128,[UNK]-16
2129,日本
2130,布政司署
2131,江蘇淮安
2132,朱齡石成功
2133,中共中央副主席
2134,毒氣
2135,細胞膜
2136,普洱專區
2137,僱傭安定
2138,英國倫敦溫布頓
2139,《皇明祖訓》
2140,1569年
2141,三菱重工業長崎造船廠
2142,申城
2143,德川家
2144,河川
2145,岩石圈
2146,1841年
2147,反托拉斯法
2148,1925年
2149,1926年成立
2150,德國
2151,亞熱帶
2152,1968年
2153,日本
2154,《戡亂建國教育實施綱要》
2155,朝鮮半島分裂前的官方語言韓國
2156,卡拉恰伊湖
2157,王藍
2158,南成旭
2159,
2160,最低層
2161,漢字
2162,絲綢之路
2163,5642米
2164,殺蟲劑中毒
2165,寮國
2166,產業工會聯合會
2167,積水潭
2168,君士坦丁八世
2169,南奧塞提亞自治區
2170,浮動匯率制度
2171,農業
2172,每年春天
2173,以黑龍江為基本界限劃清
2174,漢馬伏波
2175,
2176,美國
2177,
2178,恭順
2179,艾瑪·史東
2180,一大批來自原第三帝國東部的難民想要在這個地緣遼闊的邦找到棲身之地
2181,聯邦在內戰中取勝
2182,玉泉北路
2183,1789年
2184,280天
2185,旅遊業
2186,柏拉圖
2187,質學院
2188,2007年
2189,國家歷史文化名城
2190,
2191,一省
2192,道里根加河
2193,非婚生
2194,小學
2195,最佳演唱團體獎
2196,
2197,防火能力
2198,精神醫學
2199,機炮
2200,山口鐵五郎
2201,威尼斯雙年展的一部分，在影展期間會頒發最高榮譽金獅獎。威尼斯影展創辦於1932年，是世界上歷史最悠久的影展，與德國柏林影展
2202,接合
2203,第三心音可能出現在小孩、年輕的成人或懷孕晚期的女性身上。第四心音
2204,李白
2205,羅馬帝國過去兩、三百年間世襲制度
2206,韓國海關
2207,奧地利
2208,1994至2009年
2209,1888年
2210,新鋪鎮炭廠寺
2211,吠陀梵語
2212,東晉之前的早期漢傳佛教佛經譯籍將「真如」漢譯為「本無」，學者一般認為這是受道家老子思想
2213,伸展台
2214,印第安納大學俱樂部
2215,雷達吸波
2216,1971年
2217,新建大肚橋
2218,勞力密集工業
2219,東芝
2220,新北市
2221,川本芳昭
2222,伊斯蘭哈里發軍隊
2223,15%
2224,商業貿易
2225,公開支持
2226,2002年
2227,620年
2228,民國2年2月25日
2229,第一公民
2230,現代主
2231,天主教
2232,美利堅聯盟國
2233,泰特里庫斯
2234,1949年11月至1951年12月
2235,1858年
2236,數學科幻
2237,心室底壁組織
2238,菲律賓
2239,湯瑪斯·勃蘭契特·瑞德
2240,周恩來
2241,超音速
2242,[UNK]-51戰鬥機
2243,繩文時代新石器時代
2244,民國27年
2245,模擬別人的言行
2246,1897年
2247,李察·賓特利
2248,印尼
2249,康熙四十八年
2250,荊州
2251,爾法學院
2252,28個
2253,克里米亞戰爭
2254,重慶機
2255,北京
2256,1945年
2257,永曆帝
2258,世稱恭順
2259,1972年
2260,2013年
2261,史達林
2262,佳木斯
2263,1918年
2264,主序
2265,非金屬類材料
2266,阿拉貢王國
2267,聯合國人權委員會
2268,庫里爾台大會
2269,電漿態的氫
2270,頭先
2271,賓夕法尼亞州大學
2272,二氧化碳
2273,穀類作物
2274,毛奇
2275,
2276,後代
2277,澳大利亞相連，後由於海平面上升，使兩者被海水分隔，形成了今日的托列斯海峽。雪山山脈和馬勒山脈橫貫全島，海拔4000公尺以上；最高峰查亞峰高達5030公尺，南部的里古-弗萊平原為最大平原，沿海多沼澤和紅樹林。地處赤道南側，東南沿海屬熱帶草原氣候
2278,王白駒
2279,劉備
2280,第三心音
2281,咸康七年
2282,噴射發動機
2283,道格拉斯
2284,玉米
2285,
2286,三個女孩和兩個男孩
2287,25年
2288,松花江
2289,夏洛特
2290,宋理宗
2291,喬托號
2292,2017年
2293,南北韓高級別會談
2294,紅水河
2295,新蒙古人種
2296,斯芬·佩斯
2297,20世紀70年代初
2298,大道東
2299,
2300,副熱帶濕潤氣候
2301,1200萬名
2302,督憲
2303,2008年
2304,29.48萬人
2305,1998年
2306,鞏高峰
2307,杜篤瑪
2308,12個
2309,西伯利亞
2310,科大
2311,焦爾達諾·布魯諾
2312,國際網球協會
2313,河西
2314,風刺
2315,官僚主義者階級
2316,刺史
2317,雙循環泵
2318,1180年
2319,16歲
2320,嗜賭者自殺
2321,雷焦卡拉布里亞國家考古博物館
2322,阿克爾自治市
2323,香港人
2324,都市計劃
2325,西班牙
2326,布爾人
2327,胎兒與產婦的健康狀況
2328,校園一卡通
2329,第18
2330,金礪
2331,二氧化碳
2332,外國人
2333,孫中山
2334,金銀珠寶
2335,10世紀
2336,1939年
2337,供寄遞郵件貼用的郵資憑證
2338,噪聲
2339,可貴
2340,漾水河
2341,蘇維埃社會主義共和國聯盟
2342,音樂
2343,《四十二章經》
2344,薩沃亞家族
2345,勒拿河
2346,海因利希・弗格勒
2347,第2套
2348,景洪市
2349,《韓國憲法》
2350,為爭取陽光
2351,《失落的故事集
2352,1918年
2353,200米
2354,原始宗教
2355,1區
2356,博物學
2357,杭州
2358,戰鬥機
2359,1970年
2360,馮特
2361,彰化市民代表會
2362,法國大革命時期
2363,明朝
2364,2013年
2365,朱德
2366,英國人
2367,漢武帝時期
2368,1963年
2369,東經116度27分
2370,英籍工程師
2371,主語+謂語+賓語
2372,主序帶
2373,量子光學
2374,德國財政局
2375,1938年
2376,2014年
2377,向海的方向則有戰後1950年代至1960年代香港紅燈區所在地的駱克道、謝斐道，至今仍然有不少酒吧及一些夜總會位於這兩條街道附近
2378,2007年
2379,法國
2380,大陸上的戰事
2381,國家銀行
2382,為了鞏固自己及子孫的統治
2383,蒙古語
2384,甲醇
2385,元太宗
2386,15625億日元
2387,印度教
2388,沙阿摩訶末時期
2389,918年
2390,北非作戰階段
2391,公有制
2392,1987年
2393,工程化核酸酶
2394,金軍
2395,互射十二碼一役
2396,雙打線內
2397,心室底壁組織
2398,王朗
2399,40年
2400,2901.3平方公里
2401,新北市
2402,郭守時
2403,高等學校新生入學考試制度
2404,因靠近中國大陸的大陸型氣候
2405,科大校歌
2406,19世紀
2407,檀君古朝鮮
2408,清順治帝
2409,楊亨燮
2410,清宣宗時代
2411,蒙漢兩元政治
2412,黑色貝雷帽
2413,三國史記
2414,四次
2415,林彪
2416,文化發展狀態
2417,1972年
2418,錫克教
2419,感染
2420,社會輿論
2421,1603年
2422,一分
2423,阿卡蓋拉國家公園
2424,2015年
2425,減低阻力
2426,新石器時代
2427,孔齊
2428,古列爾莫·馬可尼
2429,1958年
2430,
2431,近1/3的通貨膨脹
2432,1829年建造的火箭號。1820年代
2433,環境地政局
2434,35%
2435,天主教
2436,釀酒業包括葡萄酒和啤酒，食品業
2437,1959年
2438,1994年
2439,大片柏樹
2440,
2441,仙台市
2442,史和平
2443,裝飾
2444,哈爾濱
2445,1967年
2446,義和團事變
2447,混合苦膽的酒
2448,建文二年
2449,關島組織法
2450,2008年
2451,第五次調整
2452,米蘭·內迪奇
2453,19世紀晚期
2454,商業貿易中徵收的關稅和貿易稅。東羅馬首都君士坦丁堡處於歐洲、亞洲交匯點，自古以來就是世界各地商船匯集的地方，也是絲綢之路的一個終點，發達的國際轉口貿易
2455,合不勒汗
2456,高句麗
2457,忽必烈
2458,民國15年
2459,49.3萬人
2460,巴納德
2461,量子光學
2462,糧食
2463,哈德遜河
2464,全國地圖正保御國繪圖
2465,民國3年6月24日，北京政府發布《劃一令》，在滇水道、蒙自道、普洱道、騰越道各地設置觀察使。民國16年
2466,投保人
2467,主序帶的階段
2468,坎貝爾
2469,港島區
2470,1230年
2471,實權仍掌握在他們的母親手中
2472,《中華人民共和國憲法》
2473,
2474,打比賽
2475,中村法道
2476,汕頭
2477,鐵穆爾
2478,391年
2479,英國精神醫學期刊
2480,1849年
2481,23年
2482,13小時
2483,氦
2484,戰基處營區土地
2485,忽必烈
2486,巴西爾二世
2487,黑死病
2488,5月23日
2489,卡胡盧伊
2490,硫化氫
2491,氮化硫
2492,1976年
2493,1972年
2494,都市計劃
2495,角動量
2496,波雷索夫
2497,止痛
2498,6位
2499,會稽虞氏
2500,煤煙消除
2501,公民化
2502,宏碁
2503,國民政府時期
2504,海因里希·赫茲
2505,維多利亞時期
2506,朱[UNK]
2507,
2508,匹茲堡
2509,威廉·赫歇爾
2510,格子型系統，1960年華山路開闢完成，亦已不再配合彰化古城橢圓形狀修築，改採直線處理。彰化市境內有2條國道高速公路通過，中山高速公路
2511,《動員戡亂時期臨時條款》
2512,黑水
2513,1989年
2514,花垣鎮
2515,東部
2516,毒品一向素有「模特最愛」，而且毒品
2517,7%
2518,韓國
2519,代表她連開28場與30場演唱會，事業如日中天
2520,莫斯科，與蘇聯交涉日內瓦世界和平會議事宜前，和蘇聯領導人酒宴
2521,泰國
2522,農民階層
2523,孔恩
2524,索契
2525,比利時
2526,重慶理工大學
2527,臺灣獨立
2528,新天皇光明天皇
2529,托木斯克
2530,葛摩
2531,1905年
2532,《臺灣自救運動宣言》
2533,詳細規劃
2534,十億年
2535,1486年
2536,英國
2537,1970年代
2538,1500公里
2539,南極條約體系一年一度的「南極條約協商會議
2540,布里亞特人
2541,建炎二年
2542,民國17年1月
2543,
2544,前279年
2545,中國大陸
2546,西元前1534年
2547,斯壯羅山
2548,1899年和1906年
2549,釋迦牟尼住世
2550,1960年代
2551,1640年
2552,政府財政撥款
2553,威尼斯人
2554,東涌線
2555,由於梅艷芳是女低音
2556,1841年2月10日
2557,1999年
2558,2005年7月21日
2559,西元977年編的太平廣記是古代小說總集，該書描寫一千多年前戰國時代
2560,國家預防腐敗局
2561,自然界中的風速並不穩定
2562,大學生研究計劃
2563,明治三十九年
2564,1994年
2565,王亞南
2566,捷船街
2567,八零年代
2568,1234年
2569,日本
2570,瑞派克路
2571,晶片廠
2572,第二代
2573,中國立法
2574,康熙三十二年
2575,重工業
2576,臺灣郵政總局
2577,1952年
2578,多達15位的政治反對領袖遭到執政政府的暗殺
2579,魚雷
2580,1917年十月革命
2581,
2582,
2583,公元1世紀
2584,2016年2月22日
2585,無法續用「臺北」之名作為升格後的名稱，臺北縣政府因而對外徵求改制後的新市名，並舉行網路投票
2586,磁力線
2587,興十一年
2588,幻境中
2589,臭氧層
2590,日本青年社
2591,廣東籍
2592,羅馬帝國
2593,自由派
2594,1990年代
2595,秋明州
2596,倫敦煙霧事件
2597,賓州
2598,自由
2599,社會主義
2600,不穩定性
2601,北方太平洋品種的大馬哈魚常於9－10月回到黑龍江、烏蘇里江等河中產卵
2602,亨利克萊
2603,歐美國家
2604,濟州島
2605,赫爾伯特·查普曼
2606,噪音過大
2607,廿八歲
2608,濟南
2609,
2610,印度國民軍士兵大審判
2611,約瑟夫·阿洛伊修斯·拉辛格
2612,東沙離島研究站
2613,2比1
2614,人民議院
2615,1861年
2616,
2617,領土主權
2618,1953年12月
2619,被子植物
2620,3月4日
2621,曼莫漢·辛格
2622,刺激性
2623,七七事變
2624,激進黨
2625,1895年
2626,99年12月25日
2627,黑森邦
2628,濟州島
2629,拒絕投降
2630,君臣同治
2631,1600分
2632,狄拉克
2633,失分
2634,第一次鴉片戰爭
2635,特殊黨員
2636,中國文化
2637,蔡素玉
2638,加拿大
2639,工藝上的難度不獲好評
2640,中國特色社會主義理論
2641,2006年
2642,4個
2643,溫州
2644,下薩克森邦
2645,《宅地法》
2646,中途公園
2647,韓國赴越參戰兵力人數超過48000餘人，是南越陣營一方僅次於駐越美軍
2648,郵票
2649,高房價
2650,1848年
2651,2016年9月30日
2652,效益主義
2653,解放軍
2654,1949年
2655,伊斯蘭教
2656,東勝寺一役
2657,6-8月
2658,曼莫漢·辛格
2659,暴雪娛樂公司
2660,第二次世界大戰
2661,
2662,理論心理學
2663,西方墨點法
2664,314.23萬人
2665,唐朝
2666,攔截機種
2667,克列孟梭
2668,240℃
2669,
2670,洋馬兒
2671,
2672,1822年
2673,特瓦族
2674,百濟個性溫和的雕塑
2675,麻州
2676,杜林
2677,庫侖阻力
2678,多數私立中式學校都面對的問題
2679,紅衫軍運動
2680,耶穌會
2681,西塞羅
2682,英軍司令部
2683,出口擴張
2684,法西斯義大利
2685,2013年
2686,三重忠孝橋
2687,母親
2688,1960年
2689,高崗
2690,1930年
2691,海水淡化
2692,64%
2693,連江縣
2694,爭議性
2695,1779年
2696,印尼
2697,人本主義
2698,首爾塔洞公園
2699,61票贊成，37票反對，7票棄權
2700,臺灣族群的分布，在此時，漢人不斷侵佔平埔族
2701,電視
2702,5.7
2703,悠久
2704,普法戰爭
2705,什錦麵
2706,供給創造需求
2707,
2708,三十八年
2709,鄧演達
2710,
2711,大馬哈魚
2712,中國大陸
2713,甘蔗
2714,早已不滿北條氏專制政權
2715,第一個用戶嘗試儲存網頁時
2716,史都華
2717,昆明公交公司
2718,2010年
2719,
2720,憲模式
2721,2008年
2722,納粹黨
2723,清政府
2724,威廉二世
2725,日治台灣
2726,漢魏故城
2727,1920年代
2728,三民主義
2729,威廉一世
2730,微波訊號遠距離傳輸，最終用戶使用定向天線
2731,3502號
2732,1702年
2733,因為鋼纜或者是滑輪等裝置失效導致失去控制
2734,廣東人
2735,
2736,1944年
2737,臺灣國語
2738,
2739,
2740,伏爾加河
2741,國際動物命名委員會
2742,黃金自由貿易
2743,羅貫中
2744,集中式太陽能發電站
2745,大韓帝國
2746,城市信封
2747,第265任
2748,第一條公共蒸汽鐵路
2749,死亡
2750,
2751,阿拉瓦克印第安人
2752,皇后大道東
2753,[UNK]集團
2754,高後掠角度
2755,12個
2756,蘿蔔糕
2757,伽利略
2758,1875年
2759,裏海
2760,1498年
2761,
2762,16世紀末葉
2763,1804年
2764,杜林
2765,2017年
2766,毛利家
2767,1871年
2768,鄭明勛
2769,
2770,
2771,
2772,中華人民共和國
2773,愛格思海金斯公司
2774,阿拉巴馬州
2775,2007年
2776,蘇維托尼烏斯
2777,建安十五年
2778,皮埃爾·博雷加德
2779,1867年
2780,70%
2781,狩獵採集社
2782,馬列主義
2783,國民黨
2784,入學考試
2785,擔心引起教會勢力的強烈反彈
2786,伊斯蘭哈里發軍隊的入侵
2787,鄂圖曼
2788,1986年
2789,唐代
2790,1946年11月8日建立了以漢諾瓦作為邦首府的下薩克森邦。1946年12月9日第一屆邦議會成立。然而並不是通過選舉產生，而是由英國占領當局任命。1951年4月13日
2791,中國天主教愛國會
2792,心血管疾病
2793,中心
2794,元朝
2795,
2796,義大利戰爭
2797,超級基金法
2798,
2799,納粹德國
2800,募兵制
2801,1933年
2802,2015年
2803,丙子胡亂
2804,1765年
2805,天主教
2806,有關國軍參與海外派遣活動的法律案》
2807,大滿貫
2808,華沙
2809,伯力
2810,外交政策
2811,流音音位，只有少數種類的語言沒有流音
2812,8世紀
2813,約翰二世·科穆寧皇帝
2814,彼得大帝夏宮
2815,北海道帝國大學
2816,2008年
2817,信陽
2818,「地區邊界
2819,動作指令
2820,動物命名法
2821,2016年
2822,1789年
2823,
2824,國際
2825,由於屬下被朝廷處死
2826,金靴獎
2827,齊格蒙特三世
2828,天文學
2829,莫哈梅·西亞德·巴雷
2830,萊茵河
2831,氧化亞氮
2832,新約正典
2833,孫叔敖
2834,攻占納哈出的金山
2835,明年或者下一次稻米成熟時兌現
2836,油電混合動力車
2837,銀熊獎
2838,1968年
2839,靜止心率
2840,釣魚臺
2841,6座
2842,1989年
2843,武昌起義
2844,得到河州總鎮衙門特許
2845,殺傷力
2846,第一波新政
2847,非歐幾里得幾何
2848,1976年
2849,地球大氣層及其他天體之外的虛空區域
2850,第2758號
2851,1980年代
2852,楊森
2853,1859年
2854,為了更好的與羅馬帝國進行貿易活動
2855,學權部
2856,宗[UNK]
2857,陳志雲
2858,羅斯托克港
2859,印度河文明
2860,约瑟夫·斯卡利格
2861,湖州人
2862,維多利亞港
2863,暴雪娛樂
2864,20%
2865,分發式政策
2866,
2867,2001-2004年
2868,比利時人
2869,1000米
2870,馬關條約
2871,羅斯福
2872,
2873,214微克
2874,
2875,自1994年開始生效的過渡時期憲法
2876,[UNK]州
2877,段氏
2878,1953年至1957年
2879,
2880,平遠縣。抗戰結束後遷回廣州市。國共內戰後期，隨著廣東省全境易手，廣東省政府遷往海南特別行政區海口市
2881,社會學
2882,有性生殖
2883,遺傳定律
2884,攔截機
2885,印度
2886,2000年
2887,15年
2888,英國[UNK]級驅逐艦
2889,臺灣外交困境
2890,26屆
2891,武漢大學
2892,第三心音
2893,1989年
2894,史達林
2895,因此交通建設早期以聯絡新北市與臺北市為主
2896,英國
2897,廣州鐵路公司
2898,
2899,沉默寡言
2900,孫傳芳
2901,元滅宋之戰
2902,亞歷山大·羅德
2903,
2904,6月
2905,《農書》
2906,周恩來
2907,中世紀中期
2908,瑞派克競賽
2909,庫曼語
2910,台南
2911,精神醫學
2912,
2913,1987年
2914,4年的神學研究階段
2915,
2916,直布羅陀海峽
2917,把普選局限於男性
2918,資產負債表中各個項目對現金流量的影響
2919,1923年
2920,鏡廳
2921,安帝
2922,中華民國初年
2923,托列斯海峽
2924,自由民主黨
2925,印度洋
2926,
2927,大致平坦的地貌
2928,磷礦石
2929,曼哈頓
2930,社會主義共和國
2931,1512年
2932,成熟階段
2933,肌萎縮性脊髓側索硬化症
2934,軍事防衛
2935,哈德良
2936,《關於托勒密和哥白尼兩大世界體系的對話》
2937,
2938,
2939,種族區分
2940,南成旭
2941,盧安達
2942,阿森納，是一家設於倫敦霍洛威
2943,厄爾布魯士峰
2944,南京國民政府
2945,明朝
2946,武器設計製造人才
2947,2002年
2948,沒有
2949,50個
2950,1830年
2951,溫帶氣候特點
2952,1889年
2953,維吾爾語
2954,金泳三
2955,體重過輕了5磅而遭拒。他向米高梅一位健美先生[UNK][UNK]請教，此人以擅長隨心所欲控制自己的體重
2956,印度在新生代
2957,印度國大黨
2958,重慶機
2959,
2960,電動機
2961,承辦五大宗教
2962,聯合國
2963,龐大的內需市場
2964,高商業價值
2965,翻版金日成
2966,啟德機場
2967,奧地利
2968,日本
2969,愛爾蘭人
2970,沉默寡言
2971,汽運
2972,敦煌石窟
2973,鍾祥蘭台宮
2974,朝鮮
2975,1971年
2976,5000員工
2977,兩天
2978,喀喇汗國
2979,颶風戰鬥機
2980,黨內上層
2981,1932年
2982,1952年
2983,葛摩
2984,2004年3月2日
2985,琉球國船工
2986,伯明罕
2987,村民委員會
2988,議會大廈
2989,三菱
2990,《韓國憲法》
2991,岳飛
2992,怯薛
2993,道元禪師
2994,1637年
2995,前趙
2996,北人黨
2997,民國25年4月，中共皖浙贛省委在皖贛邊的[UNK]公山成立，同時成立以皖南獨立團為基幹的皖浙贛獨立團。在浙西遊擊區還有上浙皖特委獨立營、下浙皖遊擊司令部、浙皖軍分區等武裝。民國26年
2998,中東
2999,一次世界大戰時期
3000,「大朝鮮國
3001,
3002,
3003,1171年
3004,《日韓合併條約》
3005,織田氏的版圖。1584年，羽柴秀吉
3006,共產主義
3007,四十三年
3008,眾議院選舉
3009,魏源
3010,教宗保祿六世
3011,阿拉伯宗教
3012,庫務局
3013,印度-雅利安語言
3014,由於元帝不重視科舉
3015,於1756年~1757年先發制人入侵薩克森和波西米亞時
3016,艾瑪·史東
3017,1629年
3018,第三產業
3019,轉軸
3020,德宏州
3021,25個
3022,喬治·史蒂芬生
3023,
3024,華北平原
3025,振州
3026,克里米亞[UNK]靼人
3027,李時珍
3028,舊莫比爾
3029,埃及
3030,辛亥革命
3031,六十年代
3032,十年
3033,伊斯蘭教
3034,
3035,東京皇居內的產殿誕生
3036,周恩
3037,《北京條約
3038,1976年
3039,1958年
3040,森林
3041,國民議會
3042,日本竹[UNK]魚
3043,古羅馬是一種公認的社會文化
3044,生活部
3045,歐洲工業文明崛起
3046,3766人
3047,冷戰格局
3048,300公厘
3049,廖內省
3050,礪波護在《隋唐帝國與古代朝鮮》一書中，認為五胡十六國這個概念，是在唐朝初期編定正史時才形成的。南宋洪邁
3051,淮安區
3052,大拇指
3053,袁世凱
3054,2002年
3055,50%
3056,西里爾字母
3057,南明
3058,
3059,五
3060,契約經濟
3061,鐵路線
3062,張作霖
3063,為了保護蒙古人地位
3064,工農業
3065,資本主義
3066,北京滿洲鑲藍旗世襲
3067,金正恩
3068,各殖民地的收成與經濟都不好，日本開始尋求其他地方的資源以進行長期戰爭
3069,戰勝國
3070,
3071,里德
3072,1871年1月18日
3073,劉少奇
3074,90年代
3075,溫尼伯國際機場
3076,瑞士
3077,國家統治者透過集體利益性的方式，達到社會目標的實現
3078,2部
3079,一般遊客團體
3080,黑龍江
3081,薩珊王朝
3082,長水村
3083,宮廷權力爭鬥，為躲避戰亂
3084,居民委員會
3085,民國29年
3086,蘇伊士運河
3087,1980年2月24日
3088,通化市
3089,鄭成功
3090,烏茲別克斯坦
3091,玉米
3092,樺樹
3093,建設性
3094,2006年
3095,1970年代初期
3096,馬克思主義
3097,史都華的影迷太多
3098,馬加人
3099,1938年
3100,巴西
3101,製導合一
3102,直腿臀位：類似完全臀位，但是孩子的腿是伸直的，腳伸到耳朵旁。足式臀位
3103,駱克道
3104,71.7公里
3105,拜占庭帝國
3106,收縮性
3107,廣電總局
3108,合不勒汗
3109,麥克阿瑟元帥於1945年8月17日
3110,查理檢查站
3111,通惠河
3112,雲貴高原
3113,喀喇汗國
3114,1914年
3115,紅衫軍運動
3116,大元
3117,烏來區
3118,綠窗口
3119,電壓
3120,希臘文化
3121,幽州
3122,終於慢慢的進入民主政治的運作
3123,庫倫戰敗
3124,1970年代
3125,相聲
3126,平定南昌的寧王宸濠之亂
3127,周恩來
3128,貴霜帝國
3129,1978年
3130,南海縣
3131,《華府風雲》
3132,韓國
3133,過度漢化
3134,4000米
3135,李東陽
3136,1919年
3137,100%，黏性最高
3138,橫越天空的角動量
3139,印度教
3140,第一座青天白日勳章
3141,尼古拉杜霍寧
3142,浙江紹興浙軍第二旅第六團第三連當見習官
3143,以適應對外開放的需要
3144,信陽市
3145,1782年
3146,1867年
3147,日本武士時代
3148,武漢水利電力大學
3149,貝爾格勒
3150,豐田汽車
3151,政府財政撥款
3152,1919年
3153,1972年
3154,柴油
3155,巴拉馬利波
3156,十字軍
3157,異裂
3158,卡爾施塔特
3159,阿拉伯字母
3160,二氧化碳
3161,1987年
3162,《三國演義》
3163,黃琪翔
3164,中國人民銀行
3165,都市
3166,玫瑰盃
3167,2006年
3168,土地改革
3169,[UNK].[UNK].[UNK][UNK]
3170,荷蘭皇家研究所
3171,周恩來
3172,1739年
3173,帝國自由城市
3174,柏林圍牆
3175,布里斯托大學
3176,商業上的活力
3177,忻城縣
3178,西柏林一側，在東側
3179,田春蔚
3180,冬季奧運會
3181,引號
3182,農礦部
3183,艾薩克·牛頓
3184,馬薩諸塞州
3185,4世紀
3186,第一個階段
3187,波蘭
3188,麗貝卡·布蘭克
3189,田漢
3190,太平洋戰爭
3191,公元前37年
3192,西方文明
3193,莫敦梅
3194,北京
3195,1943年初
3196,歐洲巴洛克風格
3197,軸心國
3198,4年
3199,燕國
3200,俗世什一稅
3201,受貨幣經濟影響
3202,歷代紀傳體史書中后妃傳
3203,1949年不少共產黨特務藉口來香港做夜總會服務員混入北角，而且在1967年
3204,曼努埃爾一世
3205,西班牙人
3206,31個
3207,《血淚
3208,新北市
3209,北竿島
3210,拉彼魯茲
3211,奧圖·普萊明傑
3212,1235年
3213,地下水
3214,新店溪水系流域
3215,馬其頓內部革命組織
3216,2015年6月
3217,伊斯蘭哈里發軍隊
3218,新北市
3219,非線性光學
3220,加勒比海
3221,1945年
3222,400人
3223,哺乳類
3224,多瑙河
3225,全蒙古是中國的一部分
3226,客車整備
3227,1.6萬人受傷，數萬人被捕。三一運動被日本人鎮壓
3228,江北地區
3229,希臘文化
3230,19世紀
3231,中山粵菜
3232,匈奴人
3233,鐵穆爾
3234,倭國
3235,1949年
3236,黃金聖餐杯
3237,會長
3238,基督教保守派組織78.5萬美金
3239,昆明巫家壩國際機場
3240,豐田汽車
3241,兩棲動物
3242,負責全國邊海防工作
3243,草原省
3244,1955年
3245,馬爾吉特
3246,13世紀
3247,星系天文學
3248,傑羅姆萊特文
3249,漢族
3250,24位
3251,小高加索山脈
3252,全國經濟委員會
3253,軍事科研
3254,紀律檢查機關
3255,運糧困難，水軍遭遇風暴
3256,民主黨在國會依然保持多數派，儘管共和黨曾在1981－1987年間控制參議院。民主黨
3257,1636年四月
3258,人性本善
3259,戰事進入膠著對峙狀態
3260,文化大革命
3261,公元第二世紀
3262,第八航空軍
3263,由於金朝與西夏均走向衰落
3264,漢朝軍事壓力
3265,1924年至1926年
3266,2013年1月1日
3267,鄧小平
3268,民國39年
3269,華萊士
3270,緻密的恆星風
3271,亞洲金融風暴
3272,經濟大恐慌
3273,民國元年
3274,1909年
3275,1233年史彌遠死後
3276,2013年
3277,卡佩爾戰爭
3278,星際爭霸戰
3279,教會法學
3280,維多利亞湖
3281,《天體運行論》
3282,馬英九
3283,台北曲藝團
3284,朱文圭
3285,名琛
3286,廣島市
3287,監理會
3288,毒品
3289,德拉瓦州
3290,
3291,1891米
3292,馬來西亞
3293,烏爾蘇拉
3294,92%
3295,李坦
3296,西伯利亞平原
3297,第十屆全國人大第五次會議
3298,馬林諾夫斯基
3299,英國
3300,成吉思汗
3301,劉宋宗王擔任荊州刺史的結果，是促使荊州士族
3302,消極的制度
3303,李宗仁
3304,3%
3305,1971年
3306,1282年
3307,速度上的優勢
3308,漢文
3309,亞美尼亞高原
3310,用來指揮小隊或中隊
3311,明朝
3312,動物脂肪
3313,幹線道路
3314,奈及利亞
3315,1955年
3316,8市83町村
3317,
3318,路易·菲利普國王
3319,相聲瓦舍
3320,1912年
3321,1965年
3322,鐵
3323,伊斯蘭教
3324,9世紀
3325,路易-拿破崙
3326,內蒙古
3327,獅子外型去威嚇大象
3328,宋高宗
3329,
3330,美元
3331,1.4
3332,獅子派
3333,乾隆皇帝
3334,功利主義
3335,1998年
3336,西班牙
3337,
3338,成吉思汗時代
3339,其政體並未完全掌控社會經濟
3340,地中海
3341,1897年
3342,1980年5月4日
3343,牡丹峰樂團團長
3344,君士坦丁八世
3345,空氣汙染
3346,1949年
3347,岳飛
3348,劉牢之
3349,三個部分。立法機構是一個兩院制會議的阿拉巴馬州議會，由105名成員的阿拉巴馬州眾議院以及35名
3350,
3351,五分之四
3352,日本人
3353,民族主義復活
3354,德國
3355,漢語
3356,集安
3357,1970年
3358,無味無臭
3359,李·亞科卡
3360,五年
3361,瓜拿納樹
3362,特瓦族
3363,
3364,常壓下在絕對零度時仍為液體，需加壓
3365,遺傳物質
3366,以便法國能控制德國的進出口貿易
3367,海什木
3368,2006年
3369,白[UNK]紀中期
3370,莫里斯哈勒
3371,克勞德夏農
3372,不列顛印度軍隊
3373,1932年
3374,北方的人口較南方多出許多
3375,1964年
3376,通俗科幻小說雜誌
3377,法語
3378,政治主張
3379,
3380,合肥市政府
3381,理查特里維西克
3382,
3383,彌爾
3384,續資治通鑑長編》卷323宋元豐五年二月己巳條
3385,幽默
3386,普洱市
3387,
3388,美國
3389,對於旅客的換乘和貨物運輸十分不利
3390,非常小
3391,1961年
3392,計劃經濟體制
3393,英國
3394,聶耳
3395,模特兒
3396,1284年
3397,民國27年
3398,《悉曇字記
3399,314.23萬人
3400,2005年3月20日
3401,七年
3402,路易十三
3403,喬治•赫伯特•沃克•布希
3404,1935年
3405,為了繼續吞併全印度
3406,伊利諾州
3407,公元前240年
3408,歐登堡
3409,
3410,印度河及恆河的沖積作用
3411,敖造田興水
3412,戰鬥機
3413,黃大仙區
3414,
3415,1930年代
3416,巴西爾二世
3417,元十一年
3418,鋼鐵
3419,德川家康
3420,哈大客運專線
3421,海倫市
3422,佛教
3423,恰克圖條約
3424,
3425,廢除憲法，下令議會休會，並建立「1月6日獨裁
3426,聖凱薩琳教堂
3427,臺灣建省
3428,協助自殺
3429,西晉
3430,美國[UNK]電視台
3431,1985年
3432,3268年
3433,1991年
3434,11世紀
3435,郭松齡
3436,1931年
3437,歐」型恆星
3438,政治主張
3439,天皇
3440,2014年
3441,抽鄉
3442,股份制
3443,兩年
3444,飛機
3445,1976年
3446,中國人
3447,15個
3448,宋公
3449,希洛分基地
3450,漢地大都
3451,康熙
3452,漱芳潤
3453,雨果
3454,鄧小平
3455,大陸改革開放及香港政府實施即捕即解，因為大量男子偷渡來港
3456,維爾紐斯
3457,民國17年1月
3458,
3459,雜交帶
3460,1990年代
3461,《魔戒》
3462,1978年
3463,儒家思想
3464,1998年1月1日
3465,12架
3466,粵西
3467,1897年
3468,《中華人民共和國國務院組織法》第八條之規定，國務院組成部門各部的設立、撤銷或者合併，經總理
3469,1992年
3470,受貨幣經濟影響
3471,在完成了內部自治的體制
3472,倭王權
3473,中環
3474,1991年
3475,約瑟夫
3476,大部分的時間都在國外生活
3477,持球手反手
3478,空間視線方向上
3479,新南威爾斯學校
3480,良好行為
3481,孫叔敖造田興水
3482,中華人民共和國
3483,朱棣
3484,49.5萬
3485,軍隊士兵主要由穆斯林和印度教徒構成
3486,亞俄
3487,東漢
3488,1941年
3489,生命線
3490,機場快線
3491,薩爾布呂肯地區
3492,造就了農業、紡織及手工業、鑄造工業、商業及兵器的技術發展
